Id,y
10000,-66.00242349023145
10001,451.40650440115354
10002,-461.676417060298
10003,40.50120875372497
10004,-126.74472245403837
10005,-342.534551819253
10006,-396.55554211358873
10007,335.5412790790881
10008,-99.51242087062434
10009,304.8125398062764
10010,68.89453048978643
10011,412.36919545590774
10012,54.942371024767596
10013,-17.005550754780216
10014,-597.8499575722624
10015,443.5022887864139
10016,144.77448697804252
10017,-57.411163672537526
10018,134.38782757746344
10019,-108.9837759891088
10020,153.82482842506752
10021,611.7359836022033
10022,588.3896503384232
10023,-131.01679995801987
10024,-61.1356211412281
10025,-374.2484953169723
10026,74.1579930796542
10027,137.43837873610408
10028,420.08661179679075
10029,196.7656257134459
10030,268.44284980053345
10031,638.4749102511093
10032,127.3787313869168
10033,1.349118758400024
10034,22.71045317740635
10035,342.23953452256507
10036,307.70396697417186
10037,348.1382087009424
10038,-168.65286130735382
10039,-20.221130904618036
10040,-551.7499275731102
10041,-429.9718040667422
10042,261.8919587067428
10043,389.82042612922135
10044,-96.16562227356613
10045,-210.71080125632722
10046,278.88186878401325
10047,-427.45330103104845
10048,-172.9032529175704
10049,467.26437835578383
10050,-631.5587355874395
10051,-355.53165933817746
10052,143.17327553860406
10053,69.19920259894187
10054,275.58827397672707
10055,-263.1886122041037
10056,167.49830723241126
10057,104.57789589014142
10058,230.07008661007745
10059,20.988026644577303
10060,-4.822581262502354
10061,-201.92294081063835
10062,560.063926565771
10063,55.288476252448255
10064,671.3015746918342
10065,-493.748738285229
10066,-279.3530367325921
10067,-53.71252761314565
10068,379.6981955009768
10069,315.07141085798514
10070,169.13001732614248
10071,-271.5993032690103
10072,783.8022226750343
10073,44.577311515548615
10074,57.40678005457916
10075,-161.07827414306897
10076,-220.66957847885658
10077,223.24129442929157
10078,352.6655955437573
10079,13.163291366266122
10080,-461.9941469857299
10081,305.3721466914245
10082,-230.59656173861003
10083,359.07444324254413
10084,-430.260563375921
10085,-115.5488220554652
10086,-88.96006387867357
10087,-488.2901898080425
10088,-139.35033854713578
10089,57.33880810852527
10090,-190.33624272166446
10091,-6.508092914823521
10092,189.2910777470178
10093,346.60367818565567
10094,871.6273206485921
10095,-147.01353738653955
10096,443.48993777943144
10097,-30.498432974439794
10098,185.46345753445726
10099,-119.91717151732733
10100,43.57523800180971
10101,58.31857155224333
10102,-197.15246829839907
10103,-70.47160678841206
10104,-342.8460532886671
10105,-29.233589873716397
10106,49.52292929610322
10107,-16.246144137911458
10108,33.77506926160696
10109,-68.88307748324135
10110,25.86339949369578
10111,-617.314284271697
10112,-185.90441301194966
10113,323.7831061093884
10114,-35.662195722126654
10115,-733.5297711613844
10116,-240.73856264736003
10117,-381.9731466242487
10118,75.31994462169473
10119,36.61032645911618
10120,-28.756270225025048
10121,-481.1606279685906
10122,408.8502304229906
10123,-765.0217471991641
10124,178.07269651637165
10125,-7.6498793856705305
10126,134.79684623375877
10127,-477.45851421286926
10128,-248.70625301323696
10129,-361.8846572238651
10130,-18.755611748553747
10131,7.795604374434447
10132,-109.1059897253854
10133,-63.073745242195166
10134,591.823183734917
10135,259.6126336966297
10136,-279.86583200876703
10137,93.22535940051856
10138,-427.2873154191352
10139,84.38656633089934
10140,-311.5446306441585
10141,11.419268612560188
10142,-297.83146842358383
10143,-331.9289709686446
10144,656.0132305257318
10145,-476.662681365056
10146,361.19404513377253
10147,-150.1852686119226
10148,299.946719024326
10149,-191.72143219270612
10150,151.94999511612014
10151,-64.67275781576652
10152,351.2448616306332
10153,-370.63644575627217
10154,349.22498178611073
10155,273.52460961680185
10156,783.1971843196882
10157,-124.2378897357382
10158,-155.22004432990792
10159,-506.95564938641184
10160,201.6932123856171
10161,-415.17405715963775
10162,-348.1651051695656
10163,-201.95224108681145
10164,-658.9504470533365
10165,179.34640168171478
10166,124.06925816168787
10167,-209.15025355201644
10168,213.70513477400573
10169,-82.11721023809082
10170,-97.11026989727313
10171,124.26800574647942
10172,50.28991565714539
10173,538.7439592813375
10174,630.0175345543369
10175,217.25927782654492
10176,-491.7337413267093
10177,-131.14175113883462
10178,362.39302241729524
10179,-14.363038055407856
10180,-30.261757361676786
10181,-107.32358076729842
10182,-334.0625929296722
10183,299.50639964643256
10184,-103.47221484505505
10185,179.82049946719428
10186,122.20070887900786
10187,86.58037161690842
10188,386.48256056699256
10189,-613.3611745045838
10190,-269.8163873834616
10191,260.7314512622866
10192,-44.620161280428995
10193,-159.1571757641663
10194,-145.24559879357477
10195,447.22821487599936
10196,476.356985969594
10197,121.79421345327248
10198,-1.5356790561069151
10199,410.7440965387786
10200,90.8280997996458
10201,150.07336956845003
10202,24.033652961547915
10203,273.88663405362905
10204,-154.52926038025248
10205,42.58890150706564
10206,617.3417063168572
10207,38.939360761427906
10208,-91.43610119490309
10209,225.3532747739104
10210,151.0582757708563
10211,-86.91664773646093
10212,-101.71788958007247
10213,161.93776502605428
10214,357.8704141035448
10215,32.145978186554146
10216,-379.14539920029233
10217,-165.94213222367114
10218,257.45392169454084
10219,-124.83850779184195
10220,47.084514722990946
10221,-67.05065138980353
10222,287.17334413416415
10223,836.2674277701625
10224,-78.73329260205509
10225,-293.00922915219587
10226,284.91632646225577
10227,377.95143200822963
10228,-473.9426195897219
10229,-538.8094549766028
10230,-372.9047504031887
10231,-83.37700889968681
10232,157.46205951911247
10233,167.50291456151245
10234,-105.69040574319558
10235,561.1616879176287
10236,-149.35531895746868
10237,196.96680512352305
10238,-33.81991172758076
10239,5.199419882336315
10240,-121.70842296063242
10241,53.47357981737741
10242,531.2918938411232
10243,-157.60262258937684
10244,-183.77196239261409
10245,643.8322464256645
10246,17.78030601012894
10247,-92.07939719460168
10248,485.49316460507606
10249,-221.23657860793963
10250,490.6065050484623
10251,-43.67715915424844
10252,139.93322987117614
10253,207.50447442761123
10254,17.092647024359678
10255,-396.4720331605304
10256,-168.3016676152939
10257,-75.59324100124499
10258,-292.07350780076837
10259,-59.373665346631455
10260,247.36904706438446
10261,206.83112758185467
10262,17.46246446407988
10263,-181.81148500656866
10264,300.17615094548466
10265,-567.6387247955888
10266,311.59327285263595
10267,-9.929511835493784
10268,161.40782304547812
10269,272.3855992297234
10270,55.122457419425416
10271,-15.278267412197755
10272,286.4023019429013
10273,387.8886119434729
10274,-148.57888863638522
10275,171.9523524483966
10276,-411.57059222267884
10277,213.80253827075217
10278,133.93002437371734
10279,-99.0171775012438
10280,-162.417242245581
10281,-39.07419011347878
10282,-295.15845218323875
10283,141.3248135435967
10284,163.05983005334394
10285,-55.455401462416305
10286,-145.74067609352264
10287,16.350462436353325
10288,-364.2985584828284
10289,558.6630187376727
10290,40.05066121900663
10291,67.63734504296946
10292,559.840084655466
10293,469.80694715741754
10294,-149.4998010545295
10295,-328.82278669969565
10296,425.7713170466749
10297,85.50466241179345
10298,-166.9155370558484
10299,-662.2984070393501
10300,50.28039165300374
10301,-11.355718332959896
10302,-451.8112644495335
10303,78.67283313413108
10304,-386.8187999173561
10305,-273.2273830523735
10306,352.01504544002256
10307,-263.8480409181027
10308,-214.73022299361003
10309,-84.88115489738557
10310,745.8832791254233
10311,-418.97510845227634
10312,739.1991251661946
10313,-469.07742635294665
10314,481.82984486567074
10315,363.2079747874395
10316,-270.2530418207194
10317,-399.5921247161324
10318,234.4572803070664
10319,-38.734693570327295
10320,238.36874871850827
10321,28.69744199018342
10322,238.23095785965504
10323,-130.00744030000064
10324,-681.2945617788483
10325,61.58065295954418
10326,-444.9298506709588
10327,-14.713208392838766
10328,680.4767823428579
10329,288.7326064937668
10330,839.970490155672
10331,416.65747651918116
10332,167.35603728915896
10333,-86.77953786706593
10334,332.7699676004354
10335,-201.33443093425376
10336,-43.62508298784178
10337,-107.9023777960964
10338,-284.03573802517013
10339,232.60855717832783
10340,237.83315171540193
10341,74.39980567720329
10342,255.51770406364545
10343,-168.64961928561036
10344,68.56334601629057
10345,-365.4419817252597
10346,189.70649886094503
10347,-369.83324976671065
10348,-250.90024390237915
10349,76.31355019623157
10350,-344.9455092337755
10351,-187.42339326812746
10352,482.1697569825222
10353,125.75266972885981
10354,450.6919437521873
10355,216.17619018208163
10356,34.34193571930534
10357,57.51145596121631
10358,-211.4194989471256
10359,49.762491809493326
10360,76.11104020758364
10361,-29.19625449044006
10362,33.04895852873568
10363,364.56271216309995
10364,234.48280987315349
10365,-21.796554859092637
10366,-476.937877047801
10367,43.56765899304594
10368,-310.9572136651708
10369,-46.94111622603819
10370,181.1955810713364
10371,-214.96242982007186
10372,-80.22706031522179
10373,841.208229165741
10374,102.35678708586995
10375,37.29773804688095
10376,77.39818275960147
10377,435.7945214936918
10378,111.39479265155708
10379,-128.82922415387384
10380,573.0501210583958
10381,48.602468077912164
10382,-68.55414659218664
10383,56.68162450582908
10384,-360.30993199943987
10385,131.9019228345044
10386,-264.52589763343076
10387,-378.79324972499285
10388,-190.0992925997657
10389,862.9152130409632
10390,159.5764966623123
10391,514.0204635801456
10392,61.38766780340831
10393,720.8758958326589
10394,-450.9767310398023
10395,105.89444211999671
10396,-27.532603044003054
10397,-23.435561966772244
10398,331.20599829494836
10399,-156.02456394823986
10400,0.9477018385608811
10401,17.23240516531962
10402,143.23908417021389
10403,53.226451390747975
10404,41.01334926979479
10405,-129.39255146834708
10406,430.9165210459313
10407,-427.909619657355
10408,49.11400485209248
10409,-221.6475803891892
10410,-313.7597121868496
10411,115.2445224470697
10412,96.10097204453545
10413,-399.91598494242197
10414,-8.411407923564298
10415,733.1841324374714
10416,-332.4267664916508
10417,83.67612042194494
10418,339.7927486554424
10419,-35.11570131451433
10420,38.204335433877816
10421,-606.1984890559296
10422,194.27285338946186
10423,155.0315511615821
10424,-111.25647787348123
10425,-63.33937163651723
10426,403.9358187289637
10427,690.9194303358622
10428,75.78129943644964
10429,-340.3154065235754
10430,-195.761595426981
10431,40.44513870875403
10432,-137.6541879602926
10433,-95.67479658954417
10434,290.8435378725041
10435,568.4646813472777
10436,351.21865075407584
10437,194.71516658168375
10438,-312.15084208719514
10439,-518.3107868724487
10440,-80.75158048061444
10441,-109.91053830578538
10442,491.41083647519605
10443,371.4851448604933
10444,343.85664466843593
10445,114.60785397368284
10446,-315.20442190988354
10447,83.10396509307031
10448,-82.5991510177422
10449,-182.21902722527773
10450,-294.9172924513041
10451,-294.21055531486957
10452,611.5470417356511
10453,-34.756134103592046
10454,-115.0415769005779
10455,263.2793379023779
10456,346.0565120928379
10457,194.61161526911133
10458,257.35614963849514
10459,-303.20809492711624
10460,-173.19591085705832
10461,-88.5398344857831
10462,137.6016120001143
10463,337.04864927806705
10464,155.7252346036274
10465,-250.29079290524044
10466,148.06340015143454
10467,333.68218860937577
10468,-260.33639238342687
10469,340.30790922791493
10470,224.6853557126953
10471,-607.2797170619323
10472,-54.859592940917835
10473,-685.0910817258443
10474,268.2582707785933
10475,108.7974356338831
10476,-233.1676171727227
10477,115.89088157850335
10478,75.28875461498512
10479,312.58695394034214
10480,78.42590704679492
10481,-509.63079643958383
10482,142.15294578474712
10483,-567.6096744598858
10484,99.19784411012907
10485,181.76569364681097
10486,-27.407098394358723
10487,-646.8210508159774
10488,-261.63281625029873
10489,-398.87688919781556
10490,-259.410752056183
10491,-252.05740356799106
10492,-25.64796722733452
10493,-479.35794942314067
10494,109.91068619021935
10495,161.94257969114116
10496,-436.80717423975653
10497,-66.01220442256903
10498,-73.60538265407067
10499,51.00273944619477
10500,7.609681032165042
10501,-38.39048673108502
10502,493.59597060692954
10503,-303.449080544486
10504,285.3630587606865
10505,236.9308212194635
10506,-112.9028873820921
10507,-104.9163970540452
10508,70.11071172015238
10509,-334.40218077461856
10510,-526.1520613513327
10511,26.69512668154082
10512,16.6250768789085
10513,-282.62391868624013
10514,-156.7643892232497
10515,-368.7038524010556
10516,87.26698388397266
10517,9.62196144939631
10518,159.3385543339496
10519,737.8354361900714
10520,-63.525614896837624
10521,253.3923454040671
10522,-195.4792622604786
10523,-233.604062757007
10524,672.0430027603313
10525,161.0264781163408
10526,-86.92388588378336
10527,767.4499376317862
10528,300.14345470154205
10529,-264.6332621205314
10530,506.8069224983677
10531,413.73257578606024
10532,-227.95565420458774
10533,270.72182191824487
10534,166.2721453884313
10535,467.83594699529795
10536,691.014192741332
10537,-235.19550162577298
10538,-204.49475633783464
10539,235.5654990256705
10540,481.508228989504
10541,-404.28637162617036
10542,499.63459887902377
10543,-280.42362428355807
10544,349.6353570127736
10545,56.27921855932499
10546,377.7838241995518
10547,58.2392941250819
10548,424.2998121746492
10549,85.80041244154694
10550,-252.99288852459077
10551,172.86784495502147
10552,-190.106600205716
10553,306.964286523669
10554,-179.11766493342543
10555,-155.7759049400484
10556,-208.75257057910906
10557,-257.42597802041684
10558,-187.88708045784432
10559,178.95968589803317
10560,769.2994246067668
10561,131.45400495646456
10562,-86.33605847725528
10563,-440.7896941287993
10564,522.2063378416954
10565,74.26044537058799
10566,-273.34519080824987
10567,23.88548320272278
10568,-140.88619011673723
10569,337.4418933254641
10570,63.425120244033245
10571,-78.1210436056389
10572,-209.41596150610735
10573,-354.30221699578965
10574,261.54958940727477
10575,252.78475303502307
10576,415.33279349639776
10577,-341.4106217749628
10578,-101.54306561728912
10579,-82.98003734434712
10580,-146.19185945083183
10581,-400.95700950885015
10582,114.68810161530604
10583,-318.40944917284156
10584,-27.1286511131523
10585,253.39206355032292
10586,-15.16159723590853
10587,490.2763101566999
10588,67.16055415516085
10589,-583.6536301606623
10590,566.8292227808797
10591,-659.7840206113425
10592,-280.3445865766318
10593,-618.4849576034641
10594,-403.0815217720834
10595,52.58079586777767
10596,154.1372478179051
10597,-187.1872458864579
10598,45.06432286401909
10599,389.8698024589768
10600,497.49442770097255
10601,-172.6046614569704
10602,-199.48804830691313
10603,146.33213540458817
10604,-745.9314211823646
10605,-230.93578234679626
10606,-157.737688235105
10607,170.5558567216051
10608,58.52819579127437
10609,21.778235377083874
10610,-33.8454323885944
10611,527.0115321450198
10612,370.3597932478216
10613,-83.70884929336715
10614,-297.8667818275182
10615,379.6300416409046
10616,-194.49981867886407
10617,-59.081154239239126
10618,-59.05074145608427
10619,-265.795331040641
10620,-488.32421484496365
10621,-28.133316815095498
10622,-110.89724251664026
10623,642.5198198743136
10624,-25.10495824557502
10625,368.2746547201483
10626,274.7992135270433
10627,416.5261293363836
10628,110.5732486798436
10629,561.3783520521667
10630,497.1437621157776
10631,-201.60987734451015
10632,-370.05229826158813
10633,731.0573724235962
10634,-380.1370791551683
10635,-200.60251550520985
10636,272.0860118937549
10637,269.8405899107625
10638,-243.56399508534471
10639,-80.64209434586843
10640,-467.97701289855377
10641,384.10330917171467
10642,-158.51464076438077
10643,-321.1429089790816
10644,-72.30709812158413
10645,244.8965010486318
10646,-111.76687989927731
10647,-71.30354161628638
10648,-97.14900534513959
10649,387.99285294446435
10650,134.07976082545466
10651,-372.72453971834534
10652,-153.8973489141052
10653,376.055724678306
10654,-45.06699972728221
10655,29.111024201618775
10656,-164.38841371392408
10657,291.38028755702373
10658,-389.64290898924594
10659,-145.45381366072746
10660,276.50614199272337
10661,-134.09381091719064
10662,82.9481115548115
10663,143.773370610528
10664,230.85377823040855
10665,649.898046991349
10666,188.10011410399278
10667,170.77221614376347
10668,-533.8474844790476
10669,-516.1349688253711
10670,-356.7869746721647
10671,480.9037432056481
10672,-54.53599296167699
10673,-272.6605720403794
10674,-89.16369341976608
10675,-97.40004082496236
10676,-264.29803775062555
10677,-558.8516759610396
10678,-18.22317398982461
10679,238.6833785879816
10680,-107.49682687897544
10681,-439.73714969227603
10682,-366.0873776204501
10683,540.4744022919006
10684,-335.9192295399911
10685,128.98481364662393
10686,-360.4650592778854
10687,-211.01458656820125
10688,115.70383605399746
10689,-723.6333562247712
10690,380.8939221056097
10691,24.30096980575337
10692,-145.38761452741014
10693,-157.2829561785371
10694,134.10336003673112
10695,215.95710077116388
10696,-310.2061637343898
10697,18.01888369384332
10698,-287.1696947296568
10699,-244.8288894362401
10700,-126.15190632103042
10701,-276.8510336971999
10702,-63.90282319538545
10703,-268.2907419843638
10704,80.9906061870773
10705,135.49197649147953
10706,265.8617173707379
10707,290.15338931857315
10708,72.85750706987596
10709,-88.64501838284401
10710,-562.5238017086134
10711,-257.96859166459353
10712,-88.32818773227784
10713,-608.9048913545768
10714,16.648129846869253
10715,-117.99664144508645
10716,244.48813585825184
10717,60.961320646526616
10718,640.850472611428
10719,15.073592658661696
10720,135.0064443047728
10721,39.52337453323301
10722,86.44560574134385
10723,20.337654615454575
10724,217.44242023198012
10725,-8.574845990249088
10726,172.3975873173998
10727,-326.0037487732921
10728,347.581340724038
10729,128.95803909114733
10730,-379.7500886129549
10731,-134.7069570566266
10732,153.568885143422
10733,-72.12278608897134
10734,183.308488305727
10735,-456.53877619138086
10736,152.27530162599587
10737,-20.65828059907068
10738,245.62232835465693
10739,776.4009728233561
10740,-320.1434529602268
10741,-479.31970828477887
10742,-69.75434860290733
10743,-372.0104531960496
10744,397.28224738180705
10745,94.97293025154177
10746,-545.8700939849749
10747,92.71733084803229
10748,456.6232467986968
10749,140.33519629204048
10750,-542.6167845034433
10751,33.25617847305679
10752,237.54555311936699
10753,-260.5147806037746
10754,-227.74117804894502
10755,-18.37420794464481
10756,357.2320793577925
10757,234.16866322379454
10758,309.0494908647164
10759,109.41620907267954
10760,297.0462771953374
10761,431.2827186897725
10762,-285.9027541516845
10763,-461.123185060565
10764,458.8411685202926
10765,-35.132478657934485
10766,-138.96677867277984
10767,435.8781113541392
10768,-327.55173248124305
10769,-16.1758422256016
10770,32.68738315096999
10771,-143.11036093613248
10772,-82.91163796819376
10773,-26.395849579090793
10774,-295.9065424837701
10775,-300.9445513092783
10776,-157.0374617605616
10777,-444.105425170569
10778,55.54295923374475
10779,136.09573343373754
10780,-59.93423441413728
10781,774.7869393558558
10782,-291.82146940254205
10783,449.65451335805403
10784,-231.20082491305232
10785,88.18058840405129
10786,511.68238161594604
10787,27.698913991855235
10788,69.7190034307865
10789,-684.030428674821
10790,-181.1657541891051
10791,-592.2856835316287
10792,-326.3723044913695
10793,527.5739554313373
10794,-175.98223228892678
10795,555.3273243262528
10796,-40.06219256947655
10797,-242.9096118442566
10798,466.4750098322098
10799,209.72657821779978
10800,112.47399028633869
10801,655.9597092112735
10802,-253.67288201365048
10803,-143.14006436902687
10804,261.90903344912476
10805,-51.43052462098883
10806,-646.5343714931212
10807,-114.11730645512878
10808,126.14931118008053
10809,204.59346285899602
10810,-300.3936136583138
10811,-415.68674588953877
10812,6.449152884280348
10813,72.80107777482986
10814,160.66087208145302
10815,249.3116892918177
10816,-248.28534524656303
10817,7.830629922613333
10818,-466.3838270166602
10819,290.15144404460057
10820,-309.03320656334023
10821,528.6916611956276
10822,372.49384793225266
10823,-328.0862663096862
10824,-94.65873407724985
10825,55.56919414045811
10826,67.3438241903171
10827,-533.6683812491307
10828,-128.10863350344786
10829,-542.9948584464207
10830,54.634639672579084
10831,182.66043483267853
10832,-41.29948573089242
10833,652.8127633917358
10834,-336.9657807378877
10835,99.9628201977373
10836,811.790016336708
10837,-346.2521160652991
10838,103.69087960098437
10839,487.7360812633343
10840,120.89569101399098
10841,-324.3296740543674
10842,-136.41212971214537
10843,-41.924430030977476
10844,282.70298658023205
10845,345.62032897020396
10846,124.69798534752411
10847,-206.1133528337341
10848,155.93998583214125
10849,-443.76722994338434
10850,-273.3430034005984
10851,195.95033081854592
10852,-30.6900408513996
10853,86.5677865981532
10854,-312.21136188949697
10855,41.005246961457914
10856,307.67518019994736
10857,532.9059494214049
10858,260.16168056338074
10859,362.0055075337357
10860,101.32898120196629
10861,38.44129613989332
10862,20.267674753903947
10863,117.44024988074682
10864,573.6911827078566
10865,-507.592058514501
10866,-211.76962671045717
10867,-78.39989740428155
10868,-319.57376765957395
10869,-267.44656441833416
10870,-780.8570319676242
10871,50.22998055644275
10872,-298.5490108171668
10873,23.39238652311751
10874,-76.29059741014925
10875,-257.59747046425326
10876,171.5643650979658
10877,-121.60078316248935
10878,-451.37377685542975
10879,81.13533884268244
10880,-212.55249317142741
10881,-3.5349272290954734
10882,-408.2554810001861
10883,-158.651331944658
10884,238.39834201613218
10885,-133.03572327369903
10886,-266.0840826060652
10887,247.74270438194765
10888,347.966544283237
10889,-511.315242810866
10890,21.815871215018394
10891,-163.84140964229047
10892,-472.56083639704906
10893,-365.0082671512374
10894,272.43713793224066
10895,92.37376374891592
10896,491.80814568465206
10897,-200.03605813581134
10898,144.3149082498737
10899,-554.3580524200005
10900,-449.3575578941601
10901,565.01548017996
10902,446.31875807462063
10903,309.69738818741416
10904,282.9279414077527
10905,176.19762818996742
10906,-315.1418517603804
10907,612.3377931153001
10908,274.2522312477309
10909,-19.436173058565068
10910,404.62544777052534
10911,47.266481426985905
10912,101.89624080960598
10913,98.14809562777683
10914,-231.35258244372073
10915,136.33612319164337
10916,-150.31005926794813
10917,461.1995499787896
10918,145.69015888427103
10919,-405.8237418755605
10920,-405.55256587509797
10921,213.67394365056134
10922,-204.80364027314408
10923,-118.57063791050932
10924,675.2302648290727
10925,145.16198786853246
10926,489.6870020199615
10927,-173.76557459369215
10928,89.69168465283627
10929,239.01179154231033
10930,-68.1800006866033
10931,93.66677561513163
10932,-196.55301722008397
10933,-711.7534447200954
10934,-104.15023991148843
10935,55.73003950123079
10936,74.24035058478654
10937,625.7495908769059
10938,234.98688486875454
10939,221.59294793875662
10940,61.93159175679419
10941,239.73644833443763
10942,-21.33808181831725
10943,180.16473629709068
10944,14.918627995499122
10945,-374.8656883482521
10946,-397.51492885840395
10947,114.66690843216269
10948,-269.6162287989417
10949,0.13921221448967414
10950,-34.59484676069218
10951,72.7340212266799
10952,-188.80556313903773
10953,-365.53367192345405
10954,-67.5955225542649
10955,19.50117013917921
10956,212.78259013823552
10957,170.72284688263107
10958,48.75605588201927
10959,-239.44652279164723
10960,409.7382051551796
10961,399.86800565030967
10962,18.693100459976677
10963,165.76697195984337
10964,-124.38945349671144
10965,54.99452321278818
10966,640.4320745648704
10967,7.578792735556604
10968,-265.0476304100108
10969,1.6927330910943392
10970,18.51713362126928
10971,-248.85163930169318
10972,106.86193154650847
10973,251.63914312090904
10974,133.83773953640622
10975,-358.26696137693284
10976,426.2614473176429
10977,71.97842246974034
10978,-322.087559625222
10979,438.8402675015941
10980,-40.132114491342385
10981,283.80356865292606
10982,-487.9061953325888
10983,-86.93302825214903
10984,-470.8501510916897
10985,73.14648277315283
10986,-688.3900989407994
10987,392.4785675660404
10988,-328.6310374955384
10989,149.39160063469038
10990,321.79311476060707
10991,584.3930870450632
10992,206.75729570024836
10993,36.548225997008245
10994,-37.77828521118775
10995,-551.0517094651395
10996,-107.85120387757098
10997,-176.80602795353252
10998,-356.88949117318236
10999,418.41458411247805
11000,-26.13349601698377
11001,-213.90951362803037
11002,246.57978881987785
11003,-32.011024949713516
11004,-126.73258849582407
11005,26.914491557620728
11006,198.9219737629522
11007,-18.84355441470587
11008,-119.5148460764201
11009,-389.90376053107434
11010,-149.50928607147978
11011,-308.96203021469375
11012,-478.7771604137538
11013,-616.7291412522804
11014,-25.89082961138439
11015,-133.1765903168629
11016,-633.0587252293197
11017,-32.263294745608135
11018,28.795819581693564
11019,-290.00132364066053
11020,-168.02496539200206
11021,-173.84102001973818
11022,107.27955415166531
11023,278.3287852070005
11024,164.7366518159135
11025,596.7860199506166
11026,737.7802177171226
11027,-57.044398703886486
11028,-20.381913027884746
11029,193.11140830024658
11030,150.9524222036821
11031,-340.8779258558675
11032,207.55657024653723
11033,-27.67472612589107
11034,-146.95165736571374
11035,-121.88066829612457
11036,144.47950532989094
11037,333.20953167889604
11038,-452.5131209680475
11039,-208.53684674422357
11040,265.8449475236103
11041,-86.19645950050119
11042,-456.01061792236396
11043,-377.7300472014278
11044,277.5566889704556
11045,-98.2881655686454
11046,-258.6774182328511
11047,508.5130216465922
11048,-27.82946676741446
11049,-397.83822522418905
11050,27.29423154804268
11051,55.46090696291091
11052,86.52443961502735
11053,-417.7182670641657
11054,265.0746921743702
11055,126.49537980057313
11056,-731.2337998933441
11057,26.768529070431853
11058,15.172424965472569
11059,603.1491770539619
11060,-68.51036908575975
11061,-630.1588497389257
11062,391.439895045171
11063,191.26739771271497
11064,-82.7991588980447
11065,874.2798355716831
11066,130.1022096560791
11067,24.82525762983755
11068,10.015684555530289
11069,407.5535519509858
11070,184.93372244983783
11071,699.4013403550847
11072,12.874182171248947
11073,-569.795031205474
11074,-60.618267530273485
11075,-96.58944292586148
11076,19.660708357383626
11077,30.22596905006651
11078,-107.06858214835702
11079,-23.448153023309658
11080,-16.56348975511486
11081,18.767317998586464
11082,145.95038182220657
11083,-428.1027566009218
11084,-158.17477611037305
11085,-44.37808089678734
11086,-411.2997705448307
11087,218.4210180820264
11088,141.24530784475297
11089,316.6347559705915
11090,93.68023982535584
11091,154.16405402565408
11092,-132.92025023590924
11093,-293.87357139530656
11094,485.30634558787756
11095,-271.2294815068558
11096,373.3831471784343
11097,-359.66959875632966
11098,-459.9923044506959
11099,209.0536985232838
11100,46.74008351487575
11101,-767.8965435991815
11102,-153.96946682570592
11103,-66.68289246156841
11104,-15.944035080886437
11105,16.075984345000023
11106,157.03893670157424
11107,585.657863559292
11108,-259.6381059793931
11109,264.4864666930863
11110,171.55865069952782
11111,182.06572554508438
11112,-336.8833733608893
11113,-403.2385387031556
11114,114.57772510795755
11115,161.83644349638934
11116,-628.0447010001039
11117,242.0117530553866
11118,362.86303611765544
11119,60.71370640424381
11120,-359.31123121325777
11121,-379.0818795057246
11122,237.83778494978841
11123,-293.417509139927
11124,-397.45137920298396
11125,159.58885605132753
11126,365.0374752135956
11127,-720.6128464897366
11128,500.16486577148436
11129,-11.265810006164912
11130,-69.35501502523704
11131,250.86562155967772
11132,-169.3067854080244
11133,120.43720692692608
11134,-39.95315782539287
11135,-520.8790659997455
11136,-631.1061053453733
11137,-189.45128724586846
11138,73.57078736644479
11139,39.6381319362827
11140,-459.83743877510386
11141,4.029071723496301
11142,-197.4488996568191
11143,62.38974256914583
11144,-186.44535236927044
11145,-133.6082201956013
11146,305.0229789528654
11147,-46.02246759214416
11148,-42.28147598500756
11149,-174.61342313978025
11150,-221.81742427816812
11151,-177.58255371476855
11152,-1.6457791602109642
11153,92.19561472892555
11154,380.63664334812324
11155,5.176285533507098
11156,-43.26413786036065
11157,138.56909768313565
11158,-644.2373399718073
11159,-264.0526485409809
11160,388.07711133595296
11161,-314.5755039675305
11162,68.59577885369666
11163,313.9025059586688
11164,-174.13638000550088
11165,75.24506091716525
11166,-48.3004965347922
11167,366.32813493054215
11168,-300.9531752245199
11169,52.29547497280734
11170,199.76450852884545
11171,-291.45213888117837
11172,-221.25525714195035
11173,-347.63373665011386
11174,-203.1697372256593
11175,-377.9229754446043
11176,-39.059901238721324
11177,-27.657708986923083
11178,-4.840069011084836
11179,387.6931701816724
11180,173.07521100861615
11181,932.270401678973
11182,-79.75948934966326
11183,140.8319773722499
11184,39.684029858126785
11185,443.5242080443141
11186,342.3599487202397
11187,-137.8579525840636
11188,596.330530491173
11189,207.64692642350678
11190,-628.7444696897284
11191,498.5177064988461
11192,-157.93924874004924
11193,351.10783976574226
11194,21.711333535599852
11195,-147.85882005549357
11196,204.57246274928244
11197,29.47461824941405
11198,121.4339296412447
11199,-565.6199353865657
11200,-229.6105869585279
11201,-46.8044771087427
11202,686.9993413504837
11203,-439.3760081383573
11204,-564.3067809262275
11205,-449.4452387206126
11206,-187.01337557795281
11207,63.714470752306255
11208,226.53217961129093
11209,-238.26195886607562
11210,8.031752667966316
11211,-360.6886941851462
11212,-123.99311613868906
11213,-388.86461946300363
11214,21.02586263144559
11215,-301.50187125630396
11216,215.87740831289625
11217,403.5102100497992
11218,435.69760335692644
11219,-107.1009208837227
11220,186.04692078373603
11221,347.56948473980634
11222,258.8139591153058
11223,-431.37566148179536
11224,-169.35938198102002
11225,106.38668004303855
11226,11.40634334777829
11227,362.59620402956483
11228,-602.2073540911474
11229,707.5559184457967
11230,202.17491878205456
11231,-50.33711976765569
11232,-170.3294234532484
11233,-33.31137090394944
11234,194.42983492011493
11235,-358.58935096740544
11236,-212.26535326917713
11237,-291.421103822263
11238,295.5576189497125
11239,-278.9733872730826
11240,23.653653300111472
11241,-64.46361090683965
11242,-550.5130672413404
11243,541.343269752475
11244,95.06333041131431
11245,14.598207374633533
11246,108.60883519127066
11247,-390.9747091142418
11248,358.66641966090015
11249,-656.7373713546341
11250,39.62170404064926
11251,-112.1078139764191
11252,-3.996618183603204
11253,-399.348778529466
11254,-189.94215830266918
11255,25.705003254619953
11256,-514.3423090508974
11257,42.903388996470554
11258,-18.93265242156486
11259,-109.32309649965705
11260,-32.8990917139472
11261,-543.8120026538544
11262,402.37108703096976
11263,36.24431537942708
11264,228.30407580009566
11265,346.3830222771368
11266,-401.2227069906858
11267,54.0571977313659
11268,6.862233348083151
11269,-3.812080565893942
11270,-445.45149197388923
11271,162.0875187432688
11272,176.36752501387247
11273,-516.9719819284385
11274,189.99316009348928
11275,-164.4571279651937
11276,174.209947128328
11277,-510.02977631488426
11278,174.78488510987142
11279,-352.74632432728436
11280,-145.4609770896177
11281,456.9718611706635
11282,-463.5148906726289
11283,-363.5842764043933
11284,-157.84808228490277
11285,-195.36060962026045
11286,152.04068775685454
11287,-197.09226766881804
11288,36.48096536872025
11289,993.2248779784688
11290,-387.0287931868162
11291,-6.616510882802231
11292,-272.06886088583985
11293,-138.59954551011248
11294,-105.03944861260022
11295,-21.52952440472353
11296,91.05719915023039
11297,-65.79119714947333
11298,164.4728771009369
11299,-17.997827027464325
11300,783.8866597139145
11301,-339.2311247243129
11302,-196.48456361783502
11303,357.2184954096841
11304,186.31062521156855
11305,138.0941036840324
11306,-11.632461477737557
11307,175.80916373420297
11308,-224.61734983236397
11309,68.85579641186774
11310,201.21113139003833
11311,257.8711428771624
11312,-432.87055951729985
11313,-893.9998008184408
11314,671.8650784658587
11315,-143.37264919121696
11316,622.2386586662817
11317,179.3844262904712
11318,553.7744088919065
11319,133.39922116403955
11320,-278.7634418316663
11321,-316.62804095298594
11322,503.41566288266586
11323,282.68713599665745
11324,-192.34979075415205
11325,-266.50621593517405
11326,28.44209269197239
11327,-502.81066448893625
11328,-284.8971678177416
11329,334.32539610270544
11330,131.85559421631126
11331,-163.06900527507074
11332,207.6978104450516
11333,84.5377553554176
11334,26.25962906610205
11335,-255.9221373063665
11336,51.28290274248121
11337,-102.0496214623139
11338,160.43430410628488
11339,285.39335595631076
11340,-58.840964521681684
11341,103.10534910665973
11342,-294.311293018734
11343,376.907490778274
11344,69.80186693397032
11345,866.00018852261
11346,-39.37289658053953
11347,64.61420289331846
11348,-169.65603416906677
11349,-545.1873976320014
11350,-61.76963684753724
11351,-497.32028453380667
11352,462.29111052928863
11353,-153.26914250955406
11354,-206.0069414591041
11355,-139.67967903899995
11356,-86.31603500008467
11357,589.4439429065617
11358,213.39162365467095
11359,160.84269205249893
11360,189.14311879095595
11361,-353.6233316812052
11362,-195.46146888134862
11363,-130.97048784757092
11364,-411.8978482107093
11365,339.536110961037
11366,278.70802857875594
11367,262.5393308909945
11368,-182.31524737855892
11369,312.5925398843079
11370,292.5069660284912
11371,-191.39812913021663
11372,97.19896589042881
11373,-323.06245196934873
11374,-641.6335236830935
11375,34.40431778594234
11376,332.61463954493934
11377,374.394290801144
11378,79.74057443698344
11379,-175.66454148011834
11380,161.84977999054448
11381,247.70962726907953
11382,90.73858219236021
11383,406.91954278272533
11384,-128.29338404491472
11385,131.27330755535678
11386,729.3094416276266
11387,721.9516507762646
11388,-177.94000063372442
11389,709.5229020169663
11390,68.44182794627733
11391,-488.04810671370615
11392,152.74593914617444
11393,-239.25028478333542
11394,-147.28095714479545
11395,-45.20831857564764
11396,-222.12449344542773
11397,-332.615283881918
11398,-119.36737582300569
11399,411.5976153741653
11400,165.38288375398952
11401,488.27546568672085
11402,224.14489930098776
11403,57.12319327873948
11404,264.66502019787225
11405,-126.75098294470877
11406,-376.2060205940078
11407,48.79137391778565
11408,420.19806400514165
11409,-415.5596397131076
11410,-45.072678714988484
11411,-169.48557453543268
11412,744.9633226613823
11413,-534.1845713199518
11414,-151.0311280910079
11415,577.9358654693676
11416,46.72638739060994
11417,311.55408180562017
11418,357.3063765881066
11419,265.41273843983936
11420,-253.5973690253515
11421,-473.88134405002995
11422,12.688444605876384
11423,-132.5642669004885
11424,72.47381920347956
11425,217.43580522922477
11426,-335.77852011220807
11427,-262.204624476853
11428,95.51698320910148
11429,-209.18192024536103
11430,456.63567349234427
11431,308.4305601974663
11432,-28.85373112568101
11433,-358.5178471510818
11434,128.31172677442598
11435,145.62472438145963
11436,95.66700803418304
11437,268.28354091308194
11438,-466.92441624646654
11439,-314.3209496912699
11440,344.74066488627864
11441,220.70755813671022
11442,-578.4755239012404
11443,174.80907811479594
11444,399.94148396073354
11445,732.6720966332531
11446,667.3027303329153
11447,-63.09651298272051
11448,245.90652202892147
11449,21.73019301949182
11450,-248.65264042472626
11451,-197.0407550517405
11452,-282.0464722650844
11453,-81.15238925755524
11454,52.36536160378557
11455,-2.257126778133881
11456,-758.8756116063798
11457,213.49145912248957
11458,-169.27147826397461
11459,184.72028865201406
11460,256.5643049747531
11461,-63.24889777651995
11462,-272.717871837324
11463,135.79446347148968
11464,455.7807433953068
11465,-129.35637652171815
11466,62.873370392218135
11467,-386.8529378948041
11468,267.22765883611055
11469,287.24118692262897
11470,-52.099728652586485
11471,76.40695664839058
11472,-138.16215089737926
11473,203.55614864230714
11474,15.488711020265391
11475,-5.9680825169695915
11476,-31.644142590968794
11477,221.56630230692465
11478,-687.0023182063176
11479,483.78422314354145
11480,958.0223790880732
11481,191.59606092931153
11482,-58.58970557453776
11483,259.4623062040444
11484,-6.3167575619120555
11485,-270.2884690000883
11486,-772.4642296251143
11487,-146.46331926199787
11488,-37.7814609930142
11489,331.55195758224926
11490,570.4745741117821
11491,-182.59989627575348
11492,-356.0940866069378
11493,84.14295121036318
11494,-115.72664179916767
11495,431.8983819954099
11496,-39.027608360856156
11497,28.163383062946707
11498,-54.063853433293744
11499,-259.9655378401634
11500,157.69687820480937
11501,-451.5735361809541
11502,482.5565048687751
11503,242.55694520910083
11504,-588.1137438098035
11505,81.01709689599429
11506,325.40673944403204
11507,-22.05223515065495
11508,-296.2785041973316
11509,299.05191358613865
11510,468.26993122394833
11511,-99.60746951487769
11512,5.278085447168365
11513,-101.94715017070969
11514,172.81543496338955
11515,-676.7207529529076
11516,-85.33458519818883
11517,117.54369571648263
11518,-83.62878738830472
11519,179.75562770163543
11520,-83.35296347452865
11521,-21.419178952217777
11522,292.12474624327655
11523,-100.16396087765004
11524,-295.4450782425581
11525,-196.1996154609645
11526,-90.40349798565964
11527,-58.11412409491092
11528,-400.37934469764264
11529,236.32717532971563
11530,-312.0048905394511
11531,448.89904737276544
11532,202.7355050769548
11533,94.92875456289701
11534,60.247307917509715
11535,-149.43663249088502
11536,406.7833814658031
11537,600.812026536433
11538,-23.263559460763616
11539,-565.3127069056457
11540,156.44069172561223
11541,648.6215466239537
11542,405.71979646874485
11543,261.8058313693
11544,22.356083935018432
11545,238.41247473228844
11546,164.5680237527035
11547,-83.34674114858294
11548,209.7749198244941
11549,-198.97437741530626
11550,-78.73473210337366
11551,27.732488101925156
11552,450.31679507491015
11553,-78.31520558005126
11554,-267.63890633380305
11555,348.33187445465865
11556,-404.45503917406927
11557,330.0959394936935
11558,-532.9705587435983
11559,530.166722833101
11560,-741.0568046410557
11561,478.6495234473416
11562,164.63187921356112
11563,-449.71075314712004
11564,-412.1148110783421
11565,219.12773907510734
11566,-378.6893095030034
11567,368.73338805453335
11568,37.338426958466826
11569,396.49349500405464
11570,-29.329794718535467
11571,35.47525183909097
11572,-267.29107555681423
11573,-417.3465797913088
11574,-250.30106527663654
11575,-228.95720009218607
11576,692.2513473375061
11577,-411.15737206575227
11578,482.32117888250224
11579,109.40386922308845
11580,547.620581513899
11581,179.8842650846927
11582,-521.5793101895094
11583,-0.5366722202078624
11584,-1.3108832742809686
11585,-248.0508314562958
11586,-243.06806182013395
11587,199.56730075170145
11588,381.32404325693375
11589,-393.1688038873969
11590,138.2324527613489
11591,34.24105569798989
11592,-4.62915461411815
11593,-151.8619312819596
11594,335.546372227089
11595,-93.14529808270652
11596,507.75321866389584
11597,-355.4656205338214
11598,143.08978438160952
11599,137.9468840362701
11600,-151.0460060438977
11601,-19.60177369246888
11602,105.84882713406152
11603,-172.78518998126498
11604,482.1272637099972
11605,-267.53917413325536
11606,39.9055557861294
11607,-52.85579653107439
11608,-21.222446731207896
11609,155.37989346108392
11610,-96.06927783501575
11611,-163.1753040969981
11612,-180.36573977355008
11613,-264.6784345235995
11614,171.42795164643735
11615,-11.457713362940893
11616,239.99734190689625
11617,-39.84995383841701
11618,-211.7416065579578
11619,-354.16935617356506
11620,72.47946295208925
11621,306.8202044401953
11622,10.71023847916328
11623,-367.9516429972724
11624,280.9986782849004
11625,607.134278995202
11626,226.07866695707037
11627,565.9296380146844
11628,-147.7674721698986
11629,-314.03756027490454
11630,-180.0455352520904
11631,51.2709773798726
11632,-118.81984221413535
11633,-258.260621942747
11634,-229.83713020204416
11635,200.36475862315342
11636,-348.0714175640109
11637,-584.8608659725462
11638,-4.929876831026414
11639,-163.44221481669973
11640,87.02751929857072
11641,41.56663504345337
11642,-494.8904637770157
11643,-60.88771120297681
11644,-173.5513697197505
11645,181.26452118021436
11646,-51.32570908677205
11647,43.95099730518169
11648,-517.9818134858798
11649,-355.55266690328506
11650,272.4021668773397
11651,490.6303834469723
11652,-37.23470686782214
11653,100.19178117716064
11654,32.26474311667062
11655,342.3839958945949
11656,-274.38399640567286
11657,-461.59948018183775
11658,399.11781881563104
11659,59.941662419265654
11660,-119.0269379629807
11661,-281.7090515974903
11662,-127.62868444831858
11663,-556.581910177827
11664,-79.37923441221639
11665,-84.28398755175098
11666,-212.8581543336196
11667,72.29858467981242
11668,-416.45899892038165
11669,-151.39277066781824
11670,-112.94325746656685
11671,-386.9976053679823
11672,553.3497133654176
11673,-80.93783458087151
11674,265.60516451201624
11675,498.06450504154645
11676,447.88340767692773
11677,-162.95338863409148
11678,121.20351520651872
11679,106.02342845843151
11680,340.50635541497365
11681,4.314416762779402
11682,-92.64783669165632
11683,-354.12957712883656
11684,214.0074765324242
11685,-345.69142874226156
11686,-271.8022086291172
11687,426.3090773781538
11688,-37.75750717052167
11689,-180.46345723783503
11690,-97.5823107880725
11691,347.8223132335277
11692,-237.01309080397778
11693,118.1231187011866
11694,681.4766679385034
11695,275.66334489092753
11696,185.1648163995737
11697,-13.15936336731545
11698,274.07224748719005
11699,178.76102965588086
11700,-178.98039516140608
11701,391.84251758648514
11702,-308.9499410969787
11703,-324.83621594838985
11704,262.087135743067
11705,398.5210640940413
11706,-368.254880432962
11707,-181.18251143785056
11708,-166.4134720874768
11709,68.9875525872531
11710,-249.49012878431452
11711,443.60337484329045
11712,13.650459883850061
11713,-212.5303785237195
11714,-27.915418712235414
11715,-240.79982184571278
11716,-142.88309144793874
11717,-285.83430439090495
11718,460.6316686800945
11719,-225.10788029950749
11720,97.82651932861764
11721,350.5872568742843
11722,378.82385166848877
11723,-3.8848455252709546
11724,-260.9482885668368
11725,-64.56158617381607
11726,-270.60328416669233
11727,-569.4207476943714
11728,142.46838399488036
11729,228.15231792746982
11730,170.90589405270902
11731,-88.73300598116526
11732,179.58514596853024
11733,176.78682556049245
11734,-56.27057434823965
11735,-185.87258729682753
11736,100.44658731096891
11737,-63.662179545587094
11738,623.2061139971237
11739,-122.16898105378263
11740,-216.57264126812413
11741,-130.9809745007375
11742,-293.82665858937634
11743,167.92384362730144
11744,9.259507593414462
11745,-587.4956962603305
11746,304.7248094184764
11747,251.46359511685216
11748,-304.0609677452444
11749,108.04336957545782
11750,-218.67189979790157
11751,-105.13018388543696
11752,121.3563310871576
11753,-302.96404134850104
11754,529.6616399285898
11755,-224.55011115095405
11756,688.8598020995777
11757,121.62140840748367
11758,495.8633096373995
11759,-104.89700800321214
11760,-39.4036928277136
11761,-218.43393840893648
11762,-242.0754292376053
11763,328.46917366165076
11764,-121.57062322437349
11765,-351.96132723645553
11766,235.89654336008905
11767,211.84331613383466
11768,581.9859083831259
11769,-187.8168517671749
11770,-88.20353056281344
11771,-121.26318282161427
11772,-682.3449315356845
11773,-61.45599357158237
11774,69.00904133898314
11775,132.89487284698876
11776,41.64682074346453
11777,-513.1698248834693
11778,216.7434409233489
11779,-533.8087878872986
11780,-467.10306503157324
11781,39.69398965514762
11782,178.84483759017786
11783,-255.91268436083197
11784,468.6909720129372
11785,-959.145867517446
11786,201.8625119158857
11787,-282.5687070757387
11788,-392.4349515666023
11789,-219.68775779803627
11790,169.59302266781168
11791,-21.89566576933659
11792,-242.27992228725776
11793,35.58886075134675
11794,336.4403335300458
11795,-63.33152033000697
11796,-4.446048273788733
11797,-312.31536571456024
11798,14.5814155719425
11799,-258.22351273455075
11800,725.8387913302868
11801,-303.82806462040094
11802,-726.184522064033
11803,93.42268369441385
11804,92.79798258372028
11805,342.4123292506732
11806,856.182539434416
11807,-54.883147062184314
11808,-213.1372064142527
11809,-365.0835488849503
11810,-733.4819620034935
11811,-206.05838193577776
11812,-418.2722352600786
11813,358.8044694709531
11814,-260.62234532466675
11815,546.2345722587845
11816,187.44948665602982
11817,-22.033982900795603
11818,88.73051702341286
11819,-243.13847978487826
11820,-41.37966627895315
11821,-543.6240241200898
11822,840.8060354669695
11823,402.82422181866434
11824,79.42070559550184
11825,473.38979426396554
11826,-57.64549004681572
11827,210.1128672724433
11828,-185.7574529011004
11829,22.769138003584576
11830,940.7468340773538
11831,-442.7066678021558
11832,-475.2447822521952
11833,-339.9942839816211
11834,541.6463647301911
11835,333.49907956467473
11836,-765.496253379277
11837,91.19318918087063
11838,164.4507322896632
11839,274.6128331227398
11840,263.1882538980369
11841,303.6223346767659
11842,-92.18952553795921
11843,208.9737133756831
11844,-170.03419050961804
11845,41.55819635804754
11846,-670.8313651099272
11847,452.65937770407083
11848,741.8102612544463
11849,420.55241150407267
11850,400.3530024481787
11851,-181.64239575564153
11852,162.0463584020065
11853,2.7480936093341337
11854,534.6906446334299
11855,145.059368743514
11856,245.6397735237537
11857,192.7063366360511
11858,486.57398637164965
11859,525.26999998527
11860,172.00159142779114
11861,342.56191471401877
11862,-338.44880989512365
11863,99.97133504380338
11864,-176.90171781690162
11865,316.42601020393363
11866,-637.4632411206269
11867,74.53335736390217
11868,-319.60935418344985
11869,-234.073571969635
11870,238.83176324556425
11871,684.2995158543804
11872,-273.39394690634504
11873,229.49387382849687
11874,-191.42805181835212
11875,591.7365509012401
11876,-357.7170769578678
11877,279.3492027993534
11878,16.385346982374884
11879,1015.2321071191634
11880,-44.247648670115545
11881,-259.1203848496
11882,6.686312571179798
11883,113.4176595002543
11884,164.36906042910513
11885,-219.79091064314116
11886,-50.91215016522477
11887,234.69378482921502
11888,-225.74604715601436
11889,-124.5680611202306
11890,89.33080634586122
11891,-24.039822321153313
11892,949.8138509171492
11893,21.685293242949456
11894,-333.06691562171113
11895,51.63526677112881
11896,-328.7470589180702
11897,-622.2335618237709
11898,-406.8257232673674
11899,-126.38083816157092
11900,-298.35683404440965
11901,-494.6324027328517
11902,579.0223407583981
11903,170.4248951223817
11904,160.4512727890154
11905,-127.5324575092101
11906,116.51260749164099
11907,137.24483689523416
11908,-1.2351263056278872
11909,613.250818396626
11910,435.2344808605936
11911,160.3869671002338
11912,-185.4738897703499
11913,188.64065599401115
11914,-610.56035131736
11915,23.71465718639886
11916,-97.90469140459393
11917,-120.61345408597211
11918,353.07871733578725
11919,-18.442887505295744
11920,-120.28546893417402
11921,15.392910103856781
11922,185.80696804774493
11923,845.6527630055815
11924,349.45932877055947
11925,45.89263723696702
11926,-7.237928751002684
11927,-164.7161708339591
11928,107.29963692985865
11929,-99.60009978114886
11930,48.61636926930515
11931,41.19970604370479
11932,661.6732170958685
11933,305.95898794977757
11934,500.4110755868302
11935,-231.16099217574563
11936,334.1777324993204
11937,-326.4023426632572
11938,-574.1806195838049
11939,148.540872709453
11940,613.9878825912867
11941,184.52036741988644
11942,-216.10046725875588
11943,-616.0735283229865
11944,127.46984067426976
11945,-96.88155439274931
11946,-167.71203784394538
11947,-349.9469948861914
11948,6.614867126928743
11949,543.279706406887
11950,-362.7810314683408
11951,-330.0574194946643
11952,347.01454873631883
11953,526.430773293448
11954,-69.34252030456824
11955,368.0894293247738
11956,381.72371964173783
11957,345.8528403280856
11958,-204.68981318862097
11959,157.89721831896492
11960,-967.3833642179122
11961,527.954819757993
11962,-338.84960578595496
11963,609.181138601759
11964,381.1166205898001
11965,-18.35158324023027
11966,-92.24291830783235
11967,-166.08686551614574
11968,-173.9395994580626
11969,-221.13734204317572
11970,-228.37612245128514
11971,198.06160680945982
11972,-713.0064769343028
11973,-89.6818647418331
11974,-480.00457016778284
11975,-271.7333959227008
11976,565.3236399366713
11977,96.11148263233176
11978,178.61335856961398
11979,-61.174332454704945
11980,-368.691687240059
11981,4.847746578177546
11982,414.41382134440096
11983,-760.3183167930509
11984,84.91271532686041
11985,-251.84732552028794
11986,280.7075845895222
11987,-391.2502782510765
11988,608.499117170375
11989,-27.80846060721172
11990,-123.41411926925807
11991,-130.8292441940799
11992,18.55306889259927
11993,-433.16537587721393
11994,-303.7091261164647
11995,464.7152549850805
11996,496.48533446727953
11997,-35.135409415796346
11998,-131.67918453438546
11999,417.26915462133366
